{"cameraMode":{"drawMode":0,"name":"Shaded","section":"Shading Mode"},"sceneLighting":true,"audioPlay":false,"sceneViewState":{"m_AlwaysRefresh":false,"showFog":true,"showSkybox":false,"showFlares":true,"showImageEffects":true,"showParticleSystems":true,"showVisualEffectGraphs":true,"m_FxEnabled":true},"in2DMode":false,"pivot":{"x":87.15697479248047,"y":22.229999542236329,"z":0.018000006675720216},"rotation":{"x":-0.037523623555898669,"y":0.9501851797103882,"z":-0.12798863649368287,"w":-0.28079620003700259},"size":1.2124342918395997,"orthographic":false}